name,index,XID
Динамо,0,W38411380
Динамо,1,W38411380
Динамо,2,W38411380
Динамо,3,W38411380
Динамо,4,W38411380
Динамо,5,W38411380
Динамо,6,W38411380
Динамо,7,W38411380
Динамо,8,W38411380
Динамо,9,W38411380
Динамо,10,W38411380
Динамо,11,W38411380
Динамо,12,W38411380
№28 Здание городской электростанции «Луч»,13,N1930476141
№28 Здание городской электростанции «Луч»,14,N1930476141
№28 Здание городской электростанции «Луч»,15,N1930476141
№28 Здание городской электростанции «Луч»,16,N1930476141
№28 Здание городской электростанции «Луч»,17,N1930476141
№28 Здание городской электростанции «Луч»,18,N1930476141
№28 Здание городской электростанции «Луч»,19,N1930476141
№28 Здание городской электростанции «Луч»,20,N1930476141
№28 Здание городской электростанции «Луч»,21,N1930476141
№28 Здание городской электростанции «Луч»,22,N1930476141
№28 Здание городской электростанции «Луч»,23,N1930476141
№28 Здание городской электростанции «Луч»,24,N1930476141
№28 Здание городской электростанции «Луч»,25,N1930476141
№28 Здание городской электростанции «Луч»,26,N1930476141
№28 Здание городской электростанции «Луч»,27,N1930476141
№28 Здание городской электростанции «Луч»,28,N1930476141
№28 Здание городской электростанции «Луч»,29,N1930476141
№28 Здание городской электростанции «Луч»,30,N1930476141
№28 Здание городской электростанции «Луч»,31,N1930476141
№28 Здание городской электростанции «Луч»,32,N1930476141
№28 Здание городской электростанции «Луч»,33,N1930476141
№28 Здание городской электростанции «Луч»,34,N1930476141
№27 Дом Г.Н. Скрябина,35,N3002726097
№27 Дом Г.Н. Скрябина,36,N3002726097
№27 Дом Г.Н. Скрябина,37,N3002726097
№27 Дом Г.Н. Скрябина,38,N3002726097
№27 Дом Г.Н. Скрябина,39,N3002726097
№27 Дом Г.Н. Скрябина,40,N3002726097
№27 Дом Г.Н. Скрябина,41,N3002726097
№27 Дом Г.Н. Скрябина,42,N3002726097
№27 Дом Г.Н. Скрябина,43,N3002726097
№27 Дом Г.Н. Скрябина,44,N3002726097
№27 Дом Г.Н. Скрябина,45,N3002726097
№27 Дом Г.Н. Скрябина,46,N3002726097
№27 Дом Г.Н. Скрябина,47,N3002726097
№27 Дом Г.Н. Скрябина,48,N3002726097
№27 Дом Г.Н. Скрябина,49,N3002726097
№27 Дом Г.Н. Скрябина,50,N3002726097
№27 Дом Г.Н. Скрябина,51,N3002726097
Литературная жизнь Урала XX века,52,N2475691784
Литературная жизнь Урала XX века,53,N2475691784
Литературная жизнь Урала XX века,54,N2475691784
Литературная жизнь Урала XX века,55,N2475691784
Литературная жизнь Урала XX века,56,N2475691784
Литературная жизнь Урала XX века,57,N2475691784
Литературная жизнь Урала XX века,58,N2475691784
Литературная жизнь Урала XX века,59,N2475691784
Литературная жизнь Урала XX века,60,N2475691784
Литературная жизнь Урала XX века,61,N2475691784
Литературная жизнь Урала XX века,62,N2475691784
Литературная жизнь Урала XX века,63,N2475691784
Литературная жизнь Урала XX века,64,N2475691784
Литературная жизнь Урала XX века,65,N2475691784
Литературная жизнь Урала XX века,66,N2475691784
Литературная жизнь Урала XX века,67,N2475691784
Литературная жизнь Урала XX века,68,N2475691784
Литературная жизнь Урала XX века,69,N2475691784
Дом-музей Бажова,70,W55235295
Дом-музей Бажова,71,W55235295
Дом-музей Бажова,72,W55235295
Дом-музей Бажова,73,W55235295
Дом-музей Бажова,74,W55235295
Дом-музей Бажова,75,W55235295
Дом-музей Бажова,76,W55235295
Дом-музей Бажова,77,W55235295
Дом-музей Бажова,78,W55235295
Дом-музей Бажова,79,W55235295
Дом-музей Бажова,80,W55235295
Дом-музей Бажова,81,W55235295
Дом-музей Бажова,82,W55235295
Театр кукол,83,N181286204
Театр кукол,84,N181286204
Театр кукол,85,N181286204
Театр кукол,86,N181286204
Театр кукол,87,N181286204
Театр кукол,88,N181286204
Театр кукол,89,N181286204
Театр кукол,90,N181286204
Театр кукол,91,N181286204
Театр кукол,92,N181286204
Театр кукол,93,N181286204
Театр кукол,94,N181286204
Харитоновский сад,95,W35090291
Харитоновский сад,96,W35090291
Харитоновский сад,97,W35090291
Харитоновский сад,98,W35090291
Харитоновский сад,99,W35090291
Харитоновский сад,100,W35090291
Харитоновский сад,101,W35090291
Харитоновский сад,102,W35090291
Харитоновский сад,103,W35090291
Харитоновский сад,104,W35090291
Харитоновский сад,105,W35090291
Харитоновский сад,106,W35090291
Харитоновский сад,107,W35090291
Харитоновский сад,108,W35090291
Харитоновский сад,109,W35090291
Харитоновский сад,110,W35090291
Харитоновский сад,111,W35090291
Харитоновский сад,112,W35090291
Харитоновский сад,113,W35090291
Харитоновский сад,114,W35090291
Харитоновский сад,115,W35090291
Харитоновский сад,116,W35090291
Харитоновский сад,117,W35090291
Харитоновский сад,118,W35090291
Харитоновский сад,119,W35090291
Харитоновский сад,120,W35090291
Харитоновский сад,121,W35090291
Харитоновский сад,122,W35090291
Храм в честь Вознесения Господня,123,W46993188
Храм в честь Вознесения Господня,124,W46993188
Храм в честь Вознесения Господня,125,W46993188
Храм в честь Вознесения Господня,126,W46993188
Храм в честь Вознесения Господня,127,W46993188
Храм в честь Вознесения Господня,128,W46993188
Храм в честь Вознесения Господня,129,W46993188
Храм в честь Вознесения Господня,130,W46993188
Храм в честь Вознесения Господня,131,W46993188
Храм в честь Вознесения Господня,132,W46993188
Храм в честь Вознесения Господня,133,W46993188
Храм в честь Вознесения Господня,134,W46993188
Храм в честь Вознесения Господня,135,W46993188
Храм в честь Вознесения Господня,136,W46993188
Храм в честь Вознесения Господня,137,W46993188
Храм в честь Вознесения Господня,138,W46993188
Храм в честь Вознесения Господня,139,W46993188
Храм в честь Вознесения Господня,140,W46993188
Храм в честь Вознесения Господня,141,W46993188
Храм в честь Вознесения Господня,142,W46993188
Храм в честь Вознесения Господня,143,W46993188
Храм в честь Вознесения Господня,144,W46993188
Храм в честь Вознесения Господня,145,W46993188
Храм в честь Вознесения Господня,146,W46993188
Храм в честь Вознесения Господня,147,W46993188
Храм в честь Вознесения Господня,148,W46993188
Храм в честь Вознесения Господня,149,W46993188
Храм в честь Вознесения Господня,150,W46993188
Храм в честь Вознесения Господня,151,W46993188
Храм в честь Вознесения Господня,152,W46993188
Храм в честь Вознесения Господня,153,W46993188
Храм в честь Вознесения Господня,154,W46993188
Храм в честь Вознесения Господня,155,W46993188
Храм в честь Вознесения Господня,156,W46993188
Храм в честь Вознесения Господня,157,W46993188
Храм в честь Вознесения Господня,158,W46993188
Храм в честь Вознесения Господня,159,W46993188
Храм в честь Вознесения Господня,160,W46993188
Храм в честь Вознесения Господня,161,W46993188
Храм в честь Вознесения Господня,162,W46993188
Храм в честь Вознесения Господня,163,W46993188
Храм в честь Вознесения Господня,164,W46993188
Храм в честь Вознесения Господня,165,W46993188
Храм в честь Вознесения Господня,166,W46993188
Храм в честь Вознесения Господня,167,W46993188
Храм в честь Вознесения Господня,168,W46993188
Храм в честь Вознесения Господня,169,W46993188
Храм в честь Вознесения Господня,170,W46993188
Храм в честь Вознесения Господня,171,W46993188
Суворовское училище,172,W43554808
Суворовское училище,173,W43554808
Суворовское училище,174,W43554808
Суворовское училище,175,W43554808
Суворовское училище,176,W43554808
Суворовское училище,177,W43554808
Суворовское училище,178,W43554808
Суворовское училище,179,W43554808
Суворовское училище,180,W43554808
Суворовское училище,181,W43554808
Суворовское училище,182,W43554808
Суворовское училище,183,W43554808
Суворовское училище,184,W43554808
Суворовское училище,185,W43554808
Суворовское училище,186,W43554808
Суворовское училище,187,W43554808
Суворовское училище,188,W43554808
Суворовское училище,189,W43554808
Суворовское училище,190,W43554808
Суворовское училище,191,W43554808
Суворовское училище,192,W43554808
Суворовское училище,193,W43554808
Суворовское училище,194,W43554808
Свято-Троицкий Кафедральный собор,195,W46866652
Свято-Троицкий Кафедральный собор,196,W46866652
Свято-Троицкий Кафедральный собор,197,W46866652
Свято-Троицкий Кафедральный собор,198,W46866652
Свято-Троицкий Кафедральный собор,199,W46866652
Свято-Троицкий Кафедральный собор,200,W46866652
Свято-Троицкий Кафедральный собор,201,W46866652
Свято-Троицкий Кафедральный собор,202,W46866652
Свято-Троицкий Кафедральный собор,203,W46866652
Свято-Троицкий Кафедральный собор,204,W46866652
Свято-Троицкий Кафедральный собор,205,W46866652
Свято-Троицкий Кафедральный собор,206,W46866652
Свято-Троицкий Кафедральный собор,207,W46866652
Свято-Троицкий Кафедральный собор,208,W46866652
Свято-Троицкий Кафедральный собор,209,W46866652
Свято-Троицкий Кафедральный собор,210,W46866652
Свято-Троицкий Кафедральный собор,211,W46866652
Свято-Троицкий Кафедральный собор,212,W46866652
Свято-Троицкий Кафедральный собор,213,W46866652
Свято-Троицкий Кафедральный собор,214,W46866652
Свято-Троицкий Кафедральный собор,215,W46866652
Свято-Троицкий Кафедральный собор,216,W46866652
Свято-Троицкий Кафедральный собор,217,W46866652
Дом-музей Д. Н. Мамина-Сибиряка,218,N6511782886
Дом-музей Д. Н. Мамина-Сибиряка,219,N6511782886
Дом-музей Д. Н. Мамина-Сибиряка,220,N6511782886
Дом-музей Д. Н. Мамина-Сибиряка,221,N6511782886
Дом-музей Д. Н. Мамина-Сибиряка,222,N6511782886
Дом-музей Д. Н. Мамина-Сибиряка,223,N6511782886
Дом-музей Д. Н. Мамина-Сибиряка,224,N6511782886
Дом-музей Д. Н. Мамина-Сибиряка,225,N6511782886
Дом-музей Д. Н. Мамина-Сибиряка,226,N6511782886
Дом-музей Д. Н. Мамина-Сибиряка,227,N6511782886
Дом-музей Д. Н. Мамина-Сибиряка,228,N6511782886
Дом-музей Д. Н. Мамина-Сибиряка,229,N6511782886
Дом-музей Д. Н. Мамина-Сибиряка,230,N6511782886
Дом-музей Д. Н. Мамина-Сибиряка,231,N6511782886
Дом-музей Д. Н. Мамина-Сибиряка,232,N6511782886
Дом-музей Д. Н. Мамина-Сибиряка,233,N6511782886
Дом-музей Д. Н. Мамина-Сибиряка,234,N6511782886
Дом-музей Д. Н. Мамина-Сибиряка,235,N6511782886
Дом-музей Д. Н. Мамина-Сибиряка,236,N6511782886
Дом-музей Д. Н. Мамина-Сибиряка,237,N6511782886
Дом-музей Д. Н. Мамина-Сибиряка,238,N6511782886
Дом-музей Д. Н. Мамина-Сибиряка,239,N6511782886
Дом-музей Д. Н. Мамина-Сибиряка,240,N6511782886
Дом-музей Д. Н. Мамина-Сибиряка,241,N6511782886
Художественный Музей Эрнста Неизвестного,242,W59804414
Художественный Музей Эрнста Неизвестного,243,W59804414
Художественный Музей Эрнста Неизвестного,244,W59804414
Художественный Музей Эрнста Неизвестного,245,W59804414
Художественный Музей Эрнста Неизвестного,246,W59804414
Художественный Музей Эрнста Неизвестного,247,W59804414
Художественный Музей Эрнста Неизвестного,248,W59804414
Художественный Музей Эрнста Неизвестного,249,W59804414
Художественный Музей Эрнста Неизвестного,250,W59804414
Художественный Музей Эрнста Неизвестного,251,W59804414
Художественный Музей Эрнста Неизвестного,252,W59804414
Художественный Музей Эрнста Неизвестного,253,W59804414
Художественный Музей Эрнста Неизвестного,254,W59804414
Художественный Музей Эрнста Неизвестного,255,W59804414
Серго Орджоникидзе,256,W948556954
Серго Орджоникидзе,257,W948556954
Серго Орджоникидзе,258,W948556954
Серго Орджоникидзе,259,W948556954
Серго Орджоникидзе,260,W948556954
Серго Орджоникидзе,261,W948556954
Серго Орджоникидзе,262,W948556954
Серго Орджоникидзе,263,W948556954
Серго Орджоникидзе,264,W948556954
Серго Орджоникидзе,265,W948556954
Серго Орджоникидзе,266,W948556954
Серго Орджоникидзе,267,W948556954
Серго Орджоникидзе,268,W948556954
Серго Орджоникидзе,269,W948556954
Серго Орджоникидзе,270,W948556954
Серго Орджоникидзе,271,W948556954
Серго Орджоникидзе,272,W948556954
Серго Орджоникидзе,273,W948556954
Серго Орджоникидзе,274,W948556954
Серго Орджоникидзе,275,W948556954
Серго Орджоникидзе,276,W948556954
Серго Орджоникидзе,277,W948556954
Серго Орджоникидзе,278,W948556954
Серго Орджоникидзе,279,W948556954
Серго Орджоникидзе,280,W948556954
Серго Орджоникидзе,281,W948556954
Серго Орджоникидзе,282,W948556954
Серго Орджоникидзе,283,W948556954
Серго Орджоникидзе,284,W948556954
Серго Орджоникидзе,285,W948556954
Серго Орджоникидзе,286,W948556954
Серго Орджоникидзе,287,W948556954
Серго Орджоникидзе,288,W948556954
Серго Орджоникидзе,289,W948556954
Серго Орджоникидзе,290,W948556954
Серго Орджоникидзе,291,W948556954
Серго Орджоникидзе,292,W948556954
Н. И. Кузнецову,293,N1779665538
Н. И. Кузнецову,294,N1779665538
Н. И. Кузнецову,295,N1779665538
Н. И. Кузнецову,296,N1779665538
Н. И. Кузнецову,297,N1779665538
Н. И. Кузнецову,298,N1779665538
Н. И. Кузнецову,299,N1779665538
Н. И. Кузнецову,300,N1779665538
Н. И. Кузнецову,301,N1779665538
Н. И. Кузнецову,302,N1779665538
Н. И. Кузнецову,303,N1779665538
Н. И. Кузнецову,304,N1779665538
Н. И. Кузнецову,305,N1779665538
Н. И. Кузнецову,306,N1779665538
Н. И. Кузнецову,307,N1779665538
Н. И. Кузнецову,308,N1779665538
Н. И. Кузнецову,309,N1779665538
Н. И. Кузнецову,310,N1779665538
Н. И. Кузнецову,311,N1779665538
Н. И. Кузнецову,312,N1779665538
Н. И. Кузнецову,313,N1779665538
Н. И. Кузнецову,314,N1779665538
Н. И. Кузнецову,315,N1779665538
Успенский собор на ВИЗе,316,W166552564
Успенский собор на ВИЗе,317,W166552564
Успенский собор на ВИЗе,318,W166552564
Успенский собор на ВИЗе,319,W166552564
Успенский собор на ВИЗе,320,W166552564
Успенский собор на ВИЗе,321,W166552564
Успенский собор на ВИЗе,322,W166552564
Успенский собор на ВИЗе,323,W166552564
Успенский собор на ВИЗе,324,W166552564
Успенский собор на ВИЗе,325,W166552564
Успенский собор на ВИЗе,326,W166552564
Успенский собор на ВИЗе,327,W166552564
Царский мост,328,W922392676
Царский мост,329,W922392676
Царский мост,330,W922392676
Царский мост,331,W922392676
Царский мост,332,W922392676
Царский мост,333,W922392676
Царский мост,334,W922392676
Царский мост,335,W922392676
Царский мост,336,W922392676
Царский мост,337,W922392676
Царский мост,338,W922392676
Царский мост,339,W922392676
Царский мост,340,W922392676
Царский мост,341,W922392676
Царский мост,342,W922392676
Царский мост,343,W922392676
Царский мост,344,W922392676
Царский мост,345,W922392676
Царский мост,346,W922392676
Царский мост,347,W922392676
Царский мост,348,W922392676
Царский мост,349,W922392676
Царский мост,350,W922392676
Царский мост,351,W922392676
Дом печати (Екатеринбург),352,N5755762950
Дом печати (Екатеринбург),353,N5755762950
Дом печати (Екатеринбург),354,N5755762950
Дом печати (Екатеринбург),355,N5755762950
Дом печати (Екатеринбург),356,N5755762950
Дом печати (Екатеринбург),357,N5755762950
Дом печати (Екатеринбург),358,N5755762950
Дом печати (Екатеринбург),359,N5755762950
Дом печати (Екатеринбург),360,N5755762950
Дом печати (Екатеринбург),361,N5755762950
Дом печати (Екатеринбург),362,N5755762950
Дом печати (Екатеринбург),363,N5755762950
Дом печати (Екатеринбург),364,N5755762950
Дом печати (Екатеринбург),365,N5755762950
Дом печати (Екатеринбург),366,N5755762950
Дом печати (Екатеринбург),367,N5755762950
Александро-Невский собор,368,W50837336
Александро-Невский собор,369,W50837336
Александро-Невский собор,370,W50837336
Александро-Невский собор,371,W50837336
Александро-Невский собор,372,W50837336
Александро-Невский собор,373,W50837336
Александро-Невский собор,374,W50837336
Александро-Невский собор,375,W50837336
Александро-Невский собор,376,W50837336
Александро-Невский собор,377,W50837336
Александро-Невский собор,378,W50837336
Александро-Невский собор,379,W50837336
Александро-Невский собор,380,W50837336
Александро-Невский собор,381,W50837336
Александро-Невский собор,382,W50837336
Александро-Невский собор,383,W50837336
Александро-Невский собор,384,W50837336
Александро-Невский собор,385,W50837336
Александро-Невский собор,386,W50837336
Александро-Невский собор,387,W50837336
"Здание бывшей гостиницы ""Мадрид""",388,W947205778
"Здание бывшей гостиницы ""Мадрид""",389,W947205778
"Здание бывшей гостиницы ""Мадрид""",390,W947205778
"Здание бывшей гостиницы ""Мадрид""",391,W947205778
"Здание бывшей гостиницы ""Мадрид""",392,W947205778
"Здание бывшей гостиницы ""Мадрид""",393,W947205778
"Здание бывшей гостиницы ""Мадрид""",394,W947205778
"Здание бывшей гостиницы ""Мадрид""",395,W947205778
"Здание бывшей гостиницы ""Мадрид""",396,W947205778
"Здание бывшей гостиницы ""Мадрид""",397,W947205778
Уральский государственный медицинский университет,398,W313780001
Уральский государственный медицинский университет,399,W313780001
Уральский государственный медицинский университет,400,W313780001
Уральский государственный медицинский университет,401,W313780001
Уральский государственный медицинский университет,402,W313780001
Уральский государственный медицинский университет,403,W313780001
Уральский государственный медицинский университет,404,W313780001
Уральский государственный медицинский университет,405,W313780001
Уральский государственный медицинский университет,406,W313780001
Уральский государственный медицинский университет,407,W313780001
Уральский государственный медицинский университет,408,W313780001
Уральский государственный медицинский университет,409,W313780001
Уральский государственный медицинский университет,410,W313780001
Уральский государственный медицинский университет,411,W313780001
Уральский государственный медицинский университет,412,W313780001
Уральский государственный медицинский университет,413,W313780001
Уральский государственный медицинский университет,414,W313780001
Уральский государственный медицинский университет,415,W313780001
Уральский государственный медицинский университет,416,W313780001
Уральский государственный медицинский университет,417,W313780001
Центральный стадион,418,W587989335
Центральный стадион,419,W587989335
Центральный стадион,420,W587989335
Центральный стадион,421,W587989335
Центральный стадион,422,W587989335
Центральный стадион,423,W587989335
Центральный стадион,424,W587989335
Центральный стадион,425,W587989335
Центральный стадион,426,W587989335
Центральный стадион,427,W587989335
Центральный стадион,428,W587989335
Центральный стадион,429,W587989335
Центральный стадион,430,W587989335
Центральный стадион,431,W587989335
Центральный стадион,432,W587989335
Центральный стадион,433,W587989335
Центральный стадион,434,W587989335
Центральный стадион,435,W587989335
Центральный стадион,436,W587989335
Центральный стадион,437,W587989335
Центральный стадион,438,W587989335
Центральный стадион,439,W587989335
Центральный стадион,440,W587989335
Уральская государственная консерватория,441,R152269
Уральская государственная консерватория,442,R152269
Уральская государственная консерватория,443,R152269
Уральская государственная консерватория,444,R152269
Уральская государственная консерватория,445,R152269
Уральская государственная консерватория,446,R152269
Уральская государственная консерватория,447,R152269
Уральская государственная консерватория,448,R152269
Уральская государственная консерватория,449,R152269
Уральская государственная консерватория,450,R152269
Уральская государственная консерватория,451,R152269
Преображенская церковь на Уктусе,452,W128158539
Преображенская церковь на Уктусе,453,W128158539
Преображенская церковь на Уктусе,454,W128158539
Преображенская церковь на Уктусе,455,W128158539
Преображенская церковь на Уктусе,456,W128158539
Преображенская церковь на Уктусе,457,W128158539
Преображенская церковь на Уктусе,458,W128158539
Преображенская церковь на Уктусе,459,W128158539
Преображенская церковь на Уктусе,460,W128158539
Преображенская церковь на Уктусе,461,W128158539
Преображенская церковь на Уктусе,462,W128158539
Преображенская церковь на Уктусе,463,W128158539
Преображенская церковь на Уктусе,464,W128158539
Преображенская церковь на Уктусе,465,W128158539
Преображенская церковь на Уктусе,466,W128158539
Преображенская церковь на Уктусе,467,W128158539
Преображенская церковь на Уктусе,468,W128158539
Преображенская церковь на Уктусе,469,W128158539
Преображенская церковь на Уктусе,470,W128158539
Преображенская церковь на Уктусе,471,W128158539
Преображенская церковь на Уктусе,472,W128158539
Преображенская церковь на Уктусе,473,W128158539
Преображенская церковь на Уктусе,474,W128158539
Преображенская церковь на Уктусе,475,W128158539
Преображенская церковь на Уктусе,476,W128158539
Преображенская церковь на Уктусе,477,W128158539
Преображенская церковь на Уктусе,478,W128158539
Преображенская церковь на Уктусе,479,W128158539
Преображенская церковь на Уктусе,480,W128158539
Преображенская церковь на Уктусе,481,W128158539
Преображенская церковь на Уктусе,482,W128158539
Преображенская церковь на Уктусе,483,W128158539
Преображенская церковь на Уктусе,484,W128158539
Преображенская церковь на Уктусе,485,W128158539
Преображенская церковь на Уктусе,486,W128158539
Преображенская церковь на Уктусе,487,W128158539
Преображенская церковь на Уктусе,488,W128158539
Преображенская церковь на Уктусе,489,W128158539
Преображенская церковь на Уктусе,490,W128158539
Преображенская церковь на Уктусе,491,W128158539
Преображенская церковь на Уктусе,492,W128158539
Преображенская церковь на Уктусе,493,W128158539
Преображенская церковь на Уктусе,494,W128158539
Преображенская церковь на Уктусе,495,W128158539
Уральский геологический музей,496,N964623543
Уральский геологический музей,497,N964623543
Уральский геологический музей,498,N964623543
Уральский геологический музей,499,N964623543
Уральский геологический музей,500,N964623543
Уральский геологический музей,501,N964623543
Уральский геологический музей,502,N964623543
Уральский геологический музей,503,N964623543
Уральский геологический музей,504,N964623543
Уральский геологический музей,505,N964623543
Уральский геологический музей,506,N964623543
Уральский геологический музей,507,N964623543
Уральский геологический музей,508,N964623543
Уральский геологический музей,509,N964623543
Уральский геологический музей,510,N964623543
Уральский геологический музей,511,N964623543
Уральский геологический музей,512,N964623543
Уральский геологический музей,513,N964623543
Уральский геологический музей,514,N964623543
Уральский геологический музей,515,N964623543
Уральский геологический музей,516,N964623543
Уральский геологический музей,517,N964623543
Уральский геологический музей,518,N964623543
Уральский геологический музей,519,N964623543
Уральский геологический музей,520,N964623543
Уральский геологический музей,521,N964623543
Уральский геологический музей,522,N964623543
Уральский геологический музей,523,N964623543
Уральский геологический музей,524,N964623543
Уральский геологический музей,525,N964623543
Уральский геологический музей,526,N964623543
Уральский геологический музей,527,N964623543
Уральский геологический музей,528,N964623543
Уральский геологический музей,529,N964623543
Гимназия № 9,530,W62228491
Гимназия № 9,531,W62228491
Гимназия № 9,532,W62228491
Гимназия № 9,533,W62228491
Гимназия № 9,534,W62228491
Гимназия № 9,535,W62228491
Гимназия № 9,536,W62228491
Гимназия № 9,537,W62228491
Гимназия № 9,538,W62228491
Гимназия № 9,539,W62228491
Гимназия № 9,540,W62228491
Гимназия № 9,541,W62228491
Гимназия № 9,542,W62228491
Гимназия № 9,543,W62228491
Гимназия № 9,544,W62228491
Гимназия № 9,545,W62228491
Второй Дом Советов,546,W52170650
Второй Дом Советов,547,W52170650
Второй Дом Советов,548,W52170650
Второй Дом Советов,549,W52170650
Второй Дом Советов,550,W52170650
Второй Дом Советов,551,W52170650
Второй Дом Советов,552,W52170650
Второй Дом Советов,553,W52170650
Второй Дом Советов,554,W52170650
Второй Дом Советов,555,W52170650
Второй Дом Советов,556,W52170650
Второй Дом Советов,557,W52170650
Второй Дом Советов,558,W52170650
Второй Дом Советов,559,W52170650
Водонапорная башня,560,N6962835349
Водонапорная башня,561,N6962835349
Водонапорная башня,562,N6962835349
Водонапорная башня,563,N6962835349
Водонапорная башня,564,N6962835349
Водонапорная башня,565,N6962835349
Водонапорная башня,566,N6962835349
Водонапорная башня,567,N6962835349
Водонапорная башня,568,N6962835349
Водонапорная башня,569,N6962835349
Водонапорная башня,570,N6962835349
Водонапорная башня,571,N6962835349
Водонапорная башня,572,N6962835349
Водонапорная башня,573,N6962835349
Водонапорная башня,574,N6962835349
Водонапорная башня,575,N6962835349
Водонапорная башня,576,N6962835349
Водонапорная башня,577,N6962835349
Водонапорная башня,578,N6962835349
Водонапорная башня,579,N6962835349
Водонапорная башня,580,N6962835349
Водонапорная башня,581,N6962835349
Водонапорная башня,582,N6962835349
Водонапорная башня,583,N6962835349
Водонапорная башня,584,N6962835349
Театр оперы и балета,585,W18077882
Театр оперы и балета,586,W18077882
Театр оперы и балета,587,W18077882
Театр оперы и балета,588,W18077882
Театр оперы и балета,589,W18077882
Театр оперы и балета,590,W18077882
Театр оперы и балета,591,W18077882
Театр оперы и балета,592,W18077882
Театр оперы и балета,593,W18077882
Театр оперы и балета,594,W18077882
Театр оперы и балета,595,W18077882
Театр оперы и балета,596,W18077882
Театр оперы и балета,597,W18077882
Театр оперы и балета,598,W18077882
Театр оперы и балета,599,W18077882
Театр оперы и балета,600,W18077882
Театр оперы и балета,601,W18077882
Театр оперы и балета,602,W18077882
Театр оперы и балета,603,W18077882
Театр оперы и балета,604,W18077882
Театр оперы и балета,605,W18077882
Театр оперы и балета,606,W18077882
Театр оперы и балета,607,W18077882
Театр оперы и балета,608,W18077882
Театр оперы и балета,609,W18077882
Театр оперы и балета,610,W18077882
Театр оперы и балета,611,W18077882
Малышеву,612,N454056918
Малышеву,613,N454056918
Малышеву,614,N454056918
Малышеву,615,N454056918
Малышеву,616,N454056918
Малышеву,617,N454056918
Малышеву,618,N454056918
Малышеву,619,N454056918
Малышеву,620,N454056918
Малышеву,621,N454056918
Малышеву,622,N454056918
Малышеву,623,N454056918
Малышеву,624,N454056918
Малышеву,625,N454056918
Малышеву,626,N454056918
Малышеву,627,N454056918
Малышеву,628,N454056918
Малышеву,629,N454056918
Малышеву,630,N454056918
Малышеву,631,N454056918
Памятник Я.М. Свердлову,632,N454103127
Памятник Я.М. Свердлову,633,N454103127
Памятник Я.М. Свердлову,634,N454103127
Памятник Я.М. Свердлову,635,N454103127
Памятник Я.М. Свердлову,636,N454103127
Памятник Я.М. Свердлову,637,N454103127
Памятник Я.М. Свердлову,638,N454103127
Памятник Я.М. Свердлову,639,N454103127
Памятник Я.М. Свердлову,640,N454103127
Памятник Я.М. Свердлову,641,N454103127
Памятник Я.М. Свердлову,642,N454103127
Памятник Я.М. Свердлову,643,N454103127
Памятник Я.М. Свердлову,644,N454103127
Памятник Я.М. Свердлову,645,N454103127
Памятник Я.М. Свердлову,646,N454103127
Памятник Я.М. Свердлову,647,N454103127
Памятник Я.М. Свердлову,648,N454103127
Памятник Я.М. Свердлову,649,N454103127
Памятник Я.М. Свердлову,650,N454103127
Памятник Я.М. Свердлову,651,N454103127
Памятник Я.М. Свердлову,652,N454103127
Памятник Я.М. Свердлову,653,N454103127
Памятник Я.М. Свердлову,654,N454103127
Памятник Я.М. Свердлову,655,N454103127
Памятник Я.М. Свердлову,656,N454103127
Памятник Я.М. Свердлову,657,N454103127
Памятник Я.М. Свердлову,658,N454103127
Памятник Я.М. Свердлову,659,N454103127
Памятник Я.М. Свердлову,660,N454103127
Памятник Я.М. Свердлову,661,N454103127
Памятник Я.М. Свердлову,662,N454103127
Памятник Я.М. Свердлову,663,N454103127
Памятник Я.М. Свердлову,664,N454103127
Памятник Я.М. Свердлову,665,N454103127
Памятник Я.М. Свердлову,666,N454103127
Памятник Я.М. Свердлову,667,N454103127
Памятник Я.М. Свердлову,668,N454103127
Памятник Я.М. Свердлову,669,N454103127
Памятник Я.М. Свердлову,670,N454103127
Памятник Я.М. Свердлову,671,N454103127
Памятник Я.М. Свердлову,672,N454103127
Памятник Я.М. Свердлову,673,N454103127
Памятник Я.М. Свердлову,674,N454103127
Памятник Я.М. Свердлову,675,N454103127
Памятник Я.М. Свердлову,676,N454103127
Комсомолу Урала,677,N474950570
Комсомолу Урала,678,N474950570
Комсомолу Урала,679,N474950570
Комсомолу Урала,680,N474950570
Комсомолу Урала,681,N474950570
Комсомолу Урала,682,N474950570
Комсомолу Урала,683,N474950570
Комсомолу Урала,684,N474950570
Комсомолу Урала,685,N474950570
Комсомолу Урала,686,N474950570
Комсомолу Урала,687,N474950570
Комсомолу Урала,688,N474950570
Комсомолу Урала,689,N474950570
Комсомолу Урала,690,N474950570
Комсомолу Урала,691,N474950570
Комсомолу Урала,692,N474950570
Комсомолу Урала,693,N474950570
Комсомолу Урала,694,N474950570
Комсомолу Урала,695,N474950570
Комсомолу Урала,696,N474950570
Комсомолу Урала,697,N474950570
Комсомолу Урала,698,N474950570
Комсомолу Урала,699,N474950570
Комсомолу Урала,700,N474950570
Комсомолу Урала,701,N474950570
Комсомолу Урала,702,N474950570
Комсомолу Урала,703,N474950570
Комсомолу Урала,704,N474950570
Комсомолу Урала,705,N474950570
Комсомолу Урала,706,N474950570
Комсомолу Урала,707,N474950570
Комсомолу Урала,708,N474950570
Комсомолу Урала,709,N474950570
Комсомолу Урала,710,N474950570
Комсомолу Урала,711,N474950570
Комсомолу Урала,712,N474950570
Комсомолу Урала,713,N474950570
Комсомолу Урала,714,N474950570
Комсомолу Урала,715,N474950570
Комсомолу Урала,716,N474950570
Комсомолу Урала,717,N474950570
Ленин,718,N192224751
Ленин,719,N192224751
Ленин,720,N192224751
Ленин,721,N192224751
Ленин,722,N192224751
Ленин,723,N192224751
Ленин,724,N192224751
Ленин,725,N192224751
Ленин,726,N192224751
Ленин,727,N192224751
Ленин,728,N192224751
Ленин,729,N192224751
Ленин,730,N192224751
Ленин,731,N192224751
Ленин,732,N192224751
Ленин,733,N192224751
Ленин,734,N192224751
Ленин,735,N192224751
Ленин,736,N192224751
Ленин,737,N192224751
Ленин,738,N192224751
Ленин,739,N192224751
Ленин,740,N192224751
Ленин,741,N192224751
Ленин,742,N192224751
Ленин,743,N192224751
Шарташские каменные палатки,744,N504394251
Шарташские каменные палатки,745,N504394251
Шарташские каменные палатки,746,N504394251
Шарташские каменные палатки,747,N504394251
Шарташские каменные палатки,748,N504394251
Шарташские каменные палатки,749,N504394251
Шарташские каменные палатки,750,N504394251
Шарташские каменные палатки,751,N504394251
Шарташские каменные палатки,752,N504394251
Шарташские каменные палатки,753,N504394251
Шарташские каменные палатки,754,N504394251
Шарташские каменные палатки,755,N504394251
Шарташские каменные палатки,756,N504394251
Шарташские каменные палатки,757,N504394251
Шарташские каменные палатки,758,N504394251
Шарташские каменные палатки,759,N504394251
Шарташские каменные палатки,760,N504394251
Шарташские каменные палатки,761,N504394251
Шарташские каменные палатки,762,N504394251
Шарташские каменные палатки,763,N504394251
Шарташские каменные палатки,764,N504394251
Шарташские каменные палатки,765,N504394251
Шарташские каменные палатки,766,N504394251
Александро-Невская часовня,767,N210073292
Александро-Невская часовня,768,N210073292
Александро-Невская часовня,769,N210073292
Александро-Невская часовня,770,N210073292
Александро-Невская часовня,771,N210073292
Александро-Невская часовня,772,N210073292
Александро-Невская часовня,773,N210073292
Александро-Невская часовня,774,N210073292
Александро-Невская часовня,775,N210073292
Александро-Невская часовня,776,N210073292
Александро-Невская часовня,777,N210073292
Александро-Невская часовня,778,N210073292
Александро-Невская часовня,779,N210073292
Александро-Невская часовня,780,N210073292
Александро-Невская часовня,781,N210073292
Александро-Невская часовня,782,N210073292
Александро-Невская часовня,783,N210073292
Александро-Невская часовня,784,N210073292
Александро-Невская часовня,785,N210073292
Александро-Невская часовня,786,N210073292
Александро-Невская часовня,787,N210073292
Александро-Невская часовня,788,N210073292
Александро-Невская часовня,789,N210073292
Городок Чекистов,790,N6408389385
Городок Чекистов,791,N6408389385
Городок Чекистов,792,N6408389385
Городок Чекистов,793,N6408389385
Городок Чекистов,794,N6408389385
Городок Чекистов,795,N6408389385
Городок Чекистов,796,N6408389385
Городок Чекистов,797,N6408389385
Городок Чекистов,798,N6408389385
Городок Чекистов,799,N6408389385
Иоанно-Предтеченский Кафедральный собор,800,W127712171
Иоанно-Предтеченский Кафедральный собор,801,W127712171
Иоанно-Предтеченский Кафедральный собор,802,W127712171
Иоанно-Предтеченский Кафедральный собор,803,W127712171
Иоанно-Предтеченский Кафедральный собор,804,W127712171
Иоанно-Предтеченский Кафедральный собор,805,W127712171
Иоанно-Предтеченский Кафедральный собор,806,W127712171
Иоанно-Предтеченский Кафедральный собор,807,W127712171
Иоанно-Предтеченский Кафедральный собор,808,W127712171
Иоанно-Предтеченский Кафедральный собор,809,W127712171
Иоанно-Предтеченский Кафедральный собор,810,W127712171
Иоанно-Предтеченский Кафедральный собор,811,W127712171
Иоанно-Предтеченский Кафедральный собор,812,W127712171
Иоанно-Предтеченский Кафедральный собор,813,W127712171
Иоанно-Предтеченский Кафедральный собор,814,W127712171
Иоанно-Предтеченский Кафедральный собор,815,W127712171
Иоанно-Предтеченский Кафедральный собор,816,W127712171
Иоанно-Предтеченский Кафедральный собор,817,W127712171
Иоанно-Предтеченский Кафедральный собор,818,W127712171
Иоанно-Предтеченский Кафедральный собор,819,W127712171
Иоанно-Предтеченский Кафедральный собор,820,W127712171
Иоанно-Предтеченский Кафедральный собор,821,W127712171
Иоанно-Предтеченский Кафедральный собор,822,W127712171
Иоанно-Предтеченский Кафедральный собор,823,W127712171
Иоанно-Предтеченский Кафедральный собор,824,W127712171
Уральский государственный колледж имени И.И. Ползунова,825,N694080110
Уральский государственный колледж имени И.И. Ползунова,826,N694080110
Уральский государственный колледж имени И.И. Ползунова,827,N694080110
Уральский государственный колледж имени И.И. Ползунова,828,N694080110
Уральский государственный колледж имени И.И. Ползунова,829,N694080110
Уральский государственный колледж имени И.И. Ползунова,830,N694080110
Уральский государственный колледж имени И.И. Ползунова,831,N694080110
Уральский государственный колледж имени И.И. Ползунова,832,N694080110
Уральский государственный колледж имени И.И. Ползунова,833,N694080110
Уральский государственный колледж имени И.И. Ползунова,834,N694080110
Уральский государственный колледж имени И.И. Ползунова,835,N694080110
Уральский государственный колледж имени И.И. Ползунова,836,N694080110
Уральский государственный колледж имени И.И. Ползунова,837,N694080110
Площадь 1905 года,838,W47807305
Площадь 1905 года,839,W47807305
Площадь 1905 года,840,W47807305
Площадь 1905 года,841,W47807305
Площадь 1905 года,842,W47807305
Площадь 1905 года,843,W47807305
Площадь 1905 года,844,W47807305
Площадь 1905 года,845,W47807305
Площадь 1905 года,846,W47807305
Площадь 1905 года,847,W47807305
Площадь 1905 года,848,W47807305
Площадь 1905 года,849,W47807305
Площадь 1905 года,850,W47807305
Площадь 1905 года,851,W47807305
Площадь 1905 года,852,W47807305
Площадь 1905 года,853,W47807305
Площадь 1905 года,854,W47807305
Площадь 1905 года,855,W47807305
Площадь 1905 года,856,W47807305
Площадь 1905 года,857,W47807305
Музей кукол и детской книги «Страна чудес»,858,N2324423104
Музей кукол и детской книги «Страна чудес»,859,N2324423104
Музей кукол и детской книги «Страна чудес»,860,N2324423104
Музей кукол и детской книги «Страна чудес»,861,N2324423104
Музей кукол и детской книги «Страна чудес»,862,N2324423104
Музей кукол и детской книги «Страна чудес»,863,N2324423104
Музей кукол и детской книги «Страна чудес»,864,N2324423104
Музей кукол и детской книги «Страна чудес»,865,N2324423104
"Музей истории, науки и техники Свердловской железной дороги",866,W69841318
"Музей истории, науки и техники Свердловской железной дороги",867,W69841318
"Музей истории, науки и техники Свердловской железной дороги",868,W69841318
"Музей истории, науки и техники Свердловской железной дороги",869,W69841318
"Музей истории, науки и техники Свердловской железной дороги",870,W69841318
"Музей истории, науки и техники Свердловской железной дороги",871,W69841318
"Музей истории, науки и техники Свердловской железной дороги",872,W69841318
"Музей истории, науки и техники Свердловской железной дороги",873,W69841318
"Музей истории, науки и техники Свердловской железной дороги",874,W69841318
"Музей истории, науки и техники Свердловской железной дороги",875,W69841318
"Музей истории, науки и техники Свердловской железной дороги",876,W69841318
"Музей истории, науки и техники Свердловской железной дороги",877,W69841318
"Музей истории, науки и техники Свердловской железной дороги",878,W69841318
"Музей истории, науки и техники Свердловской железной дороги",879,W69841318
"Музей истории, науки и техники Свердловской железной дороги",880,W69841318
"Музей истории, науки и техники Свердловской железной дороги",881,W69841318
"Музей истории, науки и техники Свердловской железной дороги",882,W69841318
"Музей истории, науки и техники Свердловской железной дороги",883,W69841318
"Музей истории, науки и техники Свердловской железной дороги",884,W69841318
"Музей истории, науки и техники Свердловской железной дороги",885,W69841318
Свердловское художественное училище им. И. Д. Шадра,886,N5402950542
Свердловское художественное училище им. И. Д. Шадра,887,N5402950542
Свердловское художественное училище им. И. Д. Шадра,888,N5402950542
Свердловское художественное училище им. И. Д. Шадра,889,N5402950542
Свердловское художественное училище им. И. Д. Шадра,890,N5402950542
Свердловское художественное училище им. И. Д. Шадра,891,N5402950542
Свердловское художественное училище им. И. Д. Шадра,892,N5402950542
Свердловское художественное училище им. И. Д. Шадра,893,N5402950542
Свердловское художественное училище им. И. Д. Шадра,894,N5402950542
Свердловское художественное училище им. И. Д. Шадра,895,N5402950542
Свердловское художественное училище им. И. Д. Шадра,896,N5402950542
Свердловское художественное училище им. И. Д. Шадра,897,N5402950542
№12 Дом Севастьянова,898,N415531606
№12 Дом Севастьянова,899,N415531606
№12 Дом Севастьянова,900,N415531606
№12 Дом Севастьянова,901,N415531606
№12 Дом Севастьянова,902,N415531606
№12 Дом Севастьянова,903,N415531606
№12 Дом Севастьянова,904,N415531606
№12 Дом Севастьянова,905,N415531606
№12 Дом Севастьянова,906,N415531606
№12 Дом Севастьянова,907,N415531606
№12 Дом Севастьянова,908,N415531606
№12 Дом Севастьянова,909,N415531606
№12 Дом Севастьянова,910,N415531606
№12 Дом Севастьянова,911,N415531606
№12 Дом Севастьянова,912,N415531606
№12 Дом Севастьянова,913,N415531606
№12 Дом Севастьянова,914,N415531606
№12 Дом Севастьянова,915,N415531606
№12 Дом Севастьянова,916,N415531606
№12 Дом Севастьянова,917,N415531606
№12 Дом Севастьянова,918,N415531606
№12 Дом Севастьянова,919,N415531606
№12 Дом Севастьянова,920,N415531606
№12 Дом Севастьянова,921,N415531606
№12 Дом Севастьянова,922,N415531606
№12 Дом Севастьянова,923,N415531606
Уральский политехнический колледж,924,W64238516
Уральский политехнический колледж,925,W64238516
Уральский политехнический колледж,926,W64238516
Уральский политехнический колледж,927,W64238516
Уральский политехнический колледж,928,W64238516
Уральский политехнический колледж,929,W64238516
Уральский политехнический колледж,930,W64238516
Уральский политехнический колледж,931,W64238516
Уральский политехнический колледж,932,W64238516
Уральский политехнический колледж,933,W64238516
Уральский политехнический колледж,934,W64238516
Уральский политехнический колледж,935,W64238516
Уральский политехнический колледж,936,W64238516
Уральский политехнический колледж,937,W64238516
Уральский политехнический колледж,938,W64238516
Уральский политехнический колледж,939,W64238516
Уральский политехнический колледж,940,W64238516
Уральский политехнический колледж,941,W64238516
Уральский политехнический колледж,942,W64238516
Уральский политехнический колледж,943,W64238516
Уральский политехнический колледж,944,W64238516
Музей плодового садоводства Среднего Урала,945,N2587522630
Музей плодового садоводства Среднего Урала,946,N2587522630
Музей плодового садоводства Среднего Урала,947,N2587522630
Музей плодового садоводства Среднего Урала,948,N2587522630
Музей плодового садоводства Среднего Урала,949,N2587522630
Музей плодового садоводства Среднего Урала,950,N2587522630
Музей плодового садоводства Среднего Урала,951,N2587522630
Музей плодового садоводства Среднего Урала,952,N2587522630
Музей плодового садоводства Среднего Урала,953,N2587522630
Музей плодового садоводства Среднего Урала,954,N2587522630
Музей плодового садоводства Среднего Урала,955,N2587522630
Музей плодового садоводства Среднего Урала,956,N2587522630
Музей плодового садоводства Среднего Урала,957,N2587522630
Музей плодового садоводства Среднего Урала,958,N2587522630
Музей плодового садоводства Среднего Урала,959,N2587522630
Музей плодового садоводства Среднего Урала,960,N2587522630
Музей плодового садоводства Среднего Урала,961,N2587522630
Музей плодового садоводства Среднего Урала,962,N2587522630
Музей плодового садоводства Среднего Урала,963,N2587522630
Музей плодового садоводства Среднего Урала,964,N2587522630
Дом-музей Ф.М. Решетникова,965,R3784162
Дом-музей Ф.М. Решетникова,966,R3784162
Дом-музей Ф.М. Решетникова,967,R3784162
Дом-музей Ф.М. Решетникова,968,R3784162
Дом-музей Ф.М. Решетникова,969,R3784162
Дом-музей Ф.М. Решетникова,970,R3784162
Дом-музей Ф.М. Решетникова,971,R3784162
Дом-музей Ф.М. Решетникова,972,R3784162
Дом-музей Ф.М. Решетникова,973,R3784162
Дом-музей Ф.М. Решетникова,974,R3784162
Дом-музей Ф.М. Решетникова,975,R3784162
Дом-музей Ф.М. Решетникова,976,R3784162
Дом-музей Ф.М. Решетникова,977,R3784162
Дом-музей Ф.М. Решетникова,978,R3784162
Каменный мост,979,W922392677
Каменный мост,980,W922392677
Каменный мост,981,W922392677
Каменный мост,982,W922392677
Каменный мост,983,W922392677
Каменный мост,984,W922392677
Каменный мост,985,W922392677
Каменный мост,986,W922392677
Каменный мост,987,W922392677
Каменный мост,988,W922392677
Каменный мост,989,W922392677
Каменный мост,990,W922392677
Каменный мост,991,W922392677
Каменный мост,992,W922392677
Каменный мост,993,W922392677
Каменный мост,994,W922392677
Каменный мост,995,W922392677
Каменный мост,996,W922392677
Каменный мост,997,W922392677
Каменный мост,998,W922392677
Каменный мост,999,W922392677
Каменный мост,1000,W922392677
Каменный мост,1001,W922392677
Каменный мост,1002,W922392677
Белая башня,1003,W150512875
Белая башня,1004,W150512875
Белая башня,1005,W150512875
Белая башня,1006,W150512875
Белая башня,1007,W150512875
Белая башня,1008,W150512875
Белая башня,1009,W150512875
Белая башня,1010,W150512875
Белая башня,1011,W150512875
Белая башня,1012,W150512875
Белая башня,1013,W150512875
Белая башня,1014,W150512875
Белая башня,1015,W150512875
Белая башня,1016,W150512875
Белая башня,1017,W150512875
Белая башня,1018,W150512875
Белая башня,1019,W150512875
Белая башня,1020,W150512875
Белая башня,1021,W150512875
Белая башня,1022,W150512875
Белая башня,1023,W150512875
Белая башня,1024,W150512875
Белая башня,1025,W150512875
Добровольцам-танкистам,1026,N459436046
Добровольцам-танкистам,1027,N459436046
Добровольцам-танкистам,1028,N459436046
Добровольцам-танкистам,1029,N459436046
Добровольцам-танкистам,1030,N459436046
Добровольцам-танкистам,1031,N459436046
Добровольцам-танкистам,1032,N459436046
Добровольцам-танкистам,1033,N459436046
Добровольцам-танкистам,1034,N459436046
Добровольцам-танкистам,1035,N459436046
Добровольцам-танкистам,1036,N459436046
Добровольцам-танкистам,1037,N459436046
Добровольцам-танкистам,1038,N459436046
Добровольцам-танкистам,1039,N459436046
Добровольцам-танкистам,1040,N459436046
Добровольцам-танкистам,1041,N459436046
Добровольцам-танкистам,1042,N459436046
Добровольцам-танкистам,1043,N459436046
Добровольцам-танкистам,1044,N459436046
Добровольцам-танкистам,1045,N459436046
Добровольцам-танкистам,1046,N459436046
Добровольцам-танкистам,1047,N459436046
Добровольцам-танкистам,1048,N459436046
Добровольцам-танкистам,1049,N459436046
Добровольцам-танкистам,1050,N459436046
Добровольцам-танкистам,1051,N459436046
Добровольцам-танкистам,1052,N459436046
Добровольцам-танкистам,1053,N459436046
Добровольцам-танкистам,1054,N459436046
Добровольцам-танкистам,1055,N459436046
Добровольцам-танкистам,1056,N459436046
Добровольцам-танкистам,1057,N459436046
Добровольцам-танкистам,1058,N459436046
Добровольцам-танкистам,1059,N459436046
Добровольцам-танкистам,1060,N459436046
Добровольцам-танкистам,1061,N459436046
Добровольцам-танкистам,1062,N459436046
Добровольцам-танкистам,1063,N459436046
Добровольцам-танкистам,1064,N459436046
Добровольцам-танкистам,1065,N459436046
Добровольцам-танкистам,1066,N459436046
Добровольцам-танкистам,1067,N459436046
Добровольцам-танкистам,1068,N459436046
Добровольцам-танкистам,1069,N459436046
Добровольцам-танкистам,1070,N459436046
Добровольцам-танкистам,1071,N459436046
Добровольцам-танкистам,1072,N459436046
Добровольцам-танкистам,1073,N459436046
Добровольцам-танкистам,1074,N459436046
Добровольцам-танкистам,1075,N459436046
Добровольцам-танкистам,1076,N459436046
Добровольцам-танкистам,1077,N459436046
Добровольцам-танкистам,1078,N459436046
Ново-Тихвинский монастырь,1079,R3464822
Ново-Тихвинский монастырь,1080,R3464822
Ново-Тихвинский монастырь,1081,R3464822
Ново-Тихвинский монастырь,1082,R3464822
Ново-Тихвинский монастырь,1083,R3464822
Ново-Тихвинский монастырь,1084,R3464822
Ново-Тихвинский монастырь,1085,R3464822
Ново-Тихвинский монастырь,1086,R3464822
Ново-Тихвинский монастырь,1087,R3464822
Ново-Тихвинский монастырь,1088,R3464822
Ново-Тихвинский монастырь,1089,R3464822
Ново-Тихвинский монастырь,1090,R3464822
Ново-Тихвинский монастырь,1091,R3464822
Ново-Тихвинский монастырь,1092,R3464822
Ново-Тихвинский монастырь,1093,R3464822
Ново-Тихвинский монастырь,1094,R3464822
Ново-Тихвинский монастырь,1095,R3464822
Ново-Тихвинский монастырь,1096,R3464822
Ново-Тихвинский монастырь,1097,R3464822
Ново-Тихвинский монастырь,1098,R3464822
Ново-Тихвинский монастырь,1099,R3464822
Ново-Тихвинский монастырь,1100,R3464822
Ново-Тихвинский монастырь,1101,R3464822
Свердловский областной краеведческий музей,1102,N474949599
Свердловский областной краеведческий музей,1103,N474949599
Свердловский областной краеведческий музей,1104,N474949599
Свердловский областной краеведческий музей,1105,N474949599
Свердловский областной краеведческий музей,1106,N474949599
Свердловский областной краеведческий музей,1107,N474949599
Свердловский областной краеведческий музей,1108,N474949599
Свердловский областной краеведческий музей,1109,N474949599
Свердловский областной краеведческий музей,1110,N474949599
Свердловский областной краеведческий музей,1111,N474949599
Свердловский областной краеведческий музей,1112,N474949599
Свердловский областной краеведческий музей,1113,N474949599
Свердловский областной краеведческий музей,1114,N474949599
Свердловский областной краеведческий музей,1115,N474949599
Свердловский областной краеведческий музей,1116,N474949599
Свердловский областной краеведческий музей,1117,N474949599
Театр музыкальной комедии,1118,N474946827
Театр музыкальной комедии,1119,N474946827
Театр музыкальной комедии,1120,N474946827
Театр музыкальной комедии,1121,N474946827
Театр музыкальной комедии,1122,N474946827
Театр музыкальной комедии,1123,N474946827
Театр музыкальной комедии,1124,N474946827
Театр музыкальной комедии,1125,N474946827
Театр музыкальной комедии,1126,N474946827
Театр музыкальной комедии,1127,N474946827
Театр музыкальной комедии,1128,N474946827
Театр музыкальной комедии,1129,N474946827
Театр музыкальной комедии,1130,N474946827
Театр музыкальной комедии,1131,N474946827
Театр музыкальной комедии,1132,N474946827
Театр музыкальной комедии,1133,N474946827
Театр музыкальной комедии,1134,N474946827
Театр музыкальной комедии,1135,N474946827
Театр музыкальной комедии,1136,N474946827
Театр музыкальной комедии,1137,N474946827
Театр музыкальной комедии,1138,N474946827
Театр музыкальной комедии,1139,N474946827
Театр музыкальной комедии,1140,N474946827
Театр музыкальной комедии,1141,N474946827
Театр музыкальной комедии,1142,N474946827
Театр музыкальной комедии,1143,N474946827
Театр музыкальной комедии,1144,N474946827
Дом Актёра,1145,W52170640
Дом Актёра,1146,W52170640
Дом Актёра,1147,W52170640
Дом Актёра,1148,W52170640
Дом Актёра,1149,W52170640
Дом Актёра,1150,W52170640
Дом Актёра,1151,W52170640
Дом Актёра,1152,W52170640
Дом Актёра,1153,W52170640
Дом Актёра,1154,W52170640
Дом Актёра,1155,W52170640
Дом Актёра,1156,W52170640
Дом Актёра,1157,W52170640
Дом Актёра,1158,W52170640
Дом Актёра,1159,W52170640
Дом Актёра,1160,W52170640
Дом Актёра,1161,W52170640
Дом Актёра,1162,W52170640
Дом Актёра,1163,W52170640
улица Чернышевского,1164,W34939465
улица Чернышевского,1165,W34939465
улица Чернышевского,1166,W34939465
улица Чернышевского,1167,W34939465
улица Чернышевского,1168,W34939465
улица Чернышевского,1169,W34939465
улица Чернышевского,1170,W34939465
улица Чернышевского,1171,W34939465
улица Чернышевского,1172,W34939465
улица Чернышевского,1173,W34939465
улица Чернышевского,1174,W34939465
улица Чернышевского,1175,W34939465
улица Чернышевского,1176,W34939465
улица Чернышевского,1177,W34939465
улица Чернышевского,1178,W34939465
улица Чернышевского,1179,W34939465
улица Чернышевского,1180,W34939465
улица Чернышевского,1181,W34939465
улица Чернышевского,1182,W34939465
улица Чернышевского,1183,W34939465
Мемориал памяти Уральских коммунаров,1184,Q107585439
Мемориал памяти Уральских коммунаров,1185,Q107585439
Мемориал памяти Уральских коммунаров,1186,Q107585439
Мемориал памяти Уральских коммунаров,1187,Q107585439
Мемориал памяти Уральских коммунаров,1188,Q107585439
Мемориал памяти Уральских коммунаров,1189,Q107585439
Мемориал памяти Уральских коммунаров,1190,Q107585439
Мемориал памяти Уральских коммунаров,1191,Q107585439
Мемориал памяти Уральских коммунаров,1192,Q107585439
Мемориал памяти Уральских коммунаров,1193,Q107585439
Мемориал памяти Уральских коммунаров,1194,Q107585439
Мемориал памяти Уральских коммунаров,1195,Q107585439
Мемориал памяти Уральских коммунаров,1196,Q107585439
Мемориал памяти Уральских коммунаров,1197,Q107585439
Мемориал памяти Уральских коммунаров,1198,Q107585439
Мемориал памяти Уральских коммунаров,1199,Q107585439
Мемориал памяти Уральских коммунаров,1200,Q107585439
Мемориал памяти Уральских коммунаров,1201,Q107585439
Уральский турбинный завод,1202,Q4476791
Уральский турбинный завод,1203,Q4476791
Уральский турбинный завод,1204,Q4476791
Уральский турбинный завод,1205,Q4476791
Уральский турбинный завод,1206,Q4476791
Уральский турбинный завод,1207,Q4476791
Уральский турбинный завод,1208,Q4476791
Уральский турбинный завод,1209,Q4476791
Уральский турбинный завод,1210,Q4476791
Уральский турбинный завод,1211,Q4476791
Уральский турбинный завод,1212,Q4476791
Уральский турбинный завод,1213,Q4476791
Уральский турбинный завод,1214,Q4476791
Уральский турбинный завод,1215,Q4476791
Уральский турбинный завод,1216,Q4476791
Уральский турбинный завод,1217,Q4476791
Уральский турбинный завод,1218,Q4476791
Уральский турбинный завод,1219,Q4476791
Уральский турбинный завод,1220,Q4476791
Уральский турбинный завод,1221,Q4476791
Уральский турбинный завод,1222,Q4476791
Уральский турбинный завод,1223,Q4476791
Уральский турбинный завод,1224,Q4476791
Уральский турбинный завод,1225,Q4476791
Уральский турбинный завод,1226,Q4476791
Усадьба Железнова,1227,Q4477566
Усадьба Железнова,1228,Q4477566
Усадьба Железнова,1229,Q4477566
Усадьба Железнова,1230,Q4477566
Усадьба Железнова,1231,Q4477566
Усадьба Железнова,1232,Q4477566
Усадьба Железнова,1233,Q4477566
Усадьба Железнова,1234,Q4477566
Усадьба Железнова,1235,Q4477566
Усадьба Железнова,1236,Q4477566
Усадьба Железнова,1237,Q4477566
Усадьба Железнова,1238,Q4477566
Усадьба Железнова,1239,Q4477566
Усадьба Железнова,1240,Q4477566
Усадьба Железнова,1241,Q4477566
Усадьба Железнова,1242,Q4477566
Усадьба Железнова,1243,Q4477566
Усадьба Железнова,1244,Q4477566
Усадьба Железнова,1245,Q4477566
Усадьба Железнова,1246,Q4477566
Усадьба Железнова,1247,Q4477566
Усадьба Железнова,1248,Q4477566
Усадьба ротмистра Переяславцева,1249,Q27890562
Усадьба ротмистра Переяславцева,1250,Q27890562
Усадьба ротмистра Переяславцева,1251,Q27890562
Усадьба ротмистра Переяславцева,1252,Q27890562
Усадьба ротмистра Переяславцева,1253,Q27890562
Усадьба ротмистра Переяславцева,1254,Q27890562
Усадьба ротмистра Переяславцева,1255,Q27890562
Усадьба ротмистра Переяславцева,1256,Q27890562
Усадьба ротмистра Переяславцева,1257,Q27890562
Усадьба ротмистра Переяславцева,1258,Q27890562
Усадьба ротмистра Переяславцева,1259,Q27890562
Усадьба ротмистра Переяславцева,1260,Q27890562
Усадьба ротмистра Переяславцева,1261,Q27890562
Усадьба ротмистра Переяславцева,1262,Q27890562
Усадьба ротмистра Переяславцева,1263,Q27890562
Усадьба ротмистра Переяславцева,1264,Q27890562
Усадьба ротмистра Переяславцева,1265,Q27890562
Усадьба ротмистра Переяславцева,1266,Q27890562
Комплекс штаба военного округа,1267,Q97591769
Комплекс штаба военного округа,1268,Q97591769
Комплекс штаба военного округа,1269,Q97591769
Комплекс штаба военного округа,1270,Q97591769
Комплекс штаба военного округа,1271,Q97591769
Комплекс штаба военного округа,1272,Q97591769
Комплекс штаба военного округа,1273,Q97591769
Комплекс штаба военного округа,1274,Q97591769
Комплекс штаба военного округа,1275,Q97591769
Комплекс штаба военного округа,1276,Q97591769
Комплекс штаба военного округа,1277,Q97591769
Комплекс штаба военного округа,1278,Q97591769
Комплекс штаба военного округа,1279,Q97591769
Комплекс штаба военного округа,1280,Q97591769
Комплекс штаба военного округа,1281,Q97591769
Комплекс штаба военного округа,1282,Q97591769
Комплекс штаба военного округа,1283,Q97591769
Комплекс штаба военного округа,1284,Q97591769
Комплекс штаба военного округа,1285,Q97591769
Комплекс штаба военного округа,1286,Q97591769
Комплекс штаба военного округа,1287,Q97591769
Уральский государственный университет имени А. М. Горького,1288,Q1851014
Уральский государственный университет имени А. М. Горького,1289,Q1851014
Уральский государственный университет имени А. М. Горького,1290,Q1851014
Уральский государственный университет имени А. М. Горького,1291,Q1851014
Уральский государственный университет имени А. М. Горького,1292,Q1851014
Уральский государственный университет имени А. М. Горького,1293,Q1851014
Уральский государственный университет имени А. М. Горького,1294,Q1851014
Уральский государственный университет имени А. М. Горького,1295,Q1851014
Уральский государственный университет имени А. М. Горького,1296,Q1851014
Уральский государственный университет имени А. М. Горького,1297,Q1851014
Уральский государственный университет имени А. М. Горького,1298,Q1851014
Уральский государственный университет имени А. М. Горького,1299,Q1851014
Уральский государственный университет имени А. М. Горького,1300,Q1851014
Уральский государственный университет имени А. М. Горького,1301,Q1851014
Уральский государственный университет имени А. М. Горького,1302,Q1851014
Уральский государственный университет имени А. М. Горького,1303,Q1851014
Уральский государственный университет имени А. М. Горького,1304,Q1851014
Уральский государственный университет имени А. М. Горького,1305,Q1851014
Уральский государственный университет имени А. М. Горького,1306,Q1851014
Уральский государственный университет имени А. М. Горького,1307,Q1851014
Уральский государственный университет имени А. М. Горького,1308,Q1851014
Уральский государственный технический университет,1309,Q1938341
Уральский государственный технический университет,1310,Q1938341
Уральский государственный технический университет,1311,Q1938341
Уральский государственный технический университет,1312,Q1938341
Уральский государственный технический университет,1313,Q1938341
Уральский государственный технический университет,1314,Q1938341
Уральский государственный технический университет,1315,Q1938341
Уральский государственный технический университет,1316,Q1938341
Уральский государственный технический университет,1317,Q1938341
Уральский государственный технический университет,1318,Q1938341
Уральский государственный технический университет,1319,Q1938341
Уральский государственный технический университет,1320,Q1938341
Уральский государственный технический университет,1321,Q1938341
Уральский государственный технический университет,1322,Q1938341
Уральский государственный технический университет,1323,Q1938341
Уральский государственный технический университет,1324,Q1938341
Уральский государственный технический университет,1325,Q1938341
Уральский государственный технический университет,1326,Q1938341
Уральский государственный технический университет,1327,Q1938341
Уральский государственный технический университет,1328,Q1938341
Уральский государственный технический университет,1329,Q1938341
Уральский государственный технический университет,1330,Q1938341
Уральский государственный технический университет,1331,Q1938341
Уральский государственный технический университет,1332,Q1938341
Площадь 1-й Пятилетки,1333,Q4365466
Площадь 1-й Пятилетки,1334,Q4365466
Площадь 1-й Пятилетки,1335,Q4365466
Площадь 1-й Пятилетки,1336,Q4365466
Площадь 1-й Пятилетки,1337,Q4365466
Площадь 1-й Пятилетки,1338,Q4365466
Площадь 1-й Пятилетки,1339,Q4365466
Усадьба Тарасова,1340,Q4477575
Усадьба Тарасова,1341,Q4477575
Усадьба Тарасова,1342,Q4477575
Усадьба Тарасова,1343,Q4477575
Усадьба Тарасова,1344,Q4477575
Усадьба Тарасова,1345,Q4477575
Усадьба Тарасова,1346,Q4477575
Усадьба Тарасова,1347,Q4477575
Усадьба Тарасова,1348,Q4477575
Усадьба Тарасова,1349,Q4477575
Усадьба Тарасова,1350,Q4477575
Усадьба Тарасова,1351,Q4477575
Усадьба Тарасова,1352,Q4477575
Усадьба Тарасова,1353,Q4477575
Усадьба Тарасова,1354,Q4477575
Усадьба Тарасова,1355,Q4477575
Усадьба Тарасова,1356,Q4477575
Усадьба Тарасова,1357,Q4477575
Усадьба Тарасова,1358,Q4477575
Усадьба Тарасова,1359,Q4477575
Усадьба Тарасова,1360,Q4477575
Усадьба Тарасова,1361,Q4477575
Усадьба Тарасова,1362,Q4477575
Усадьба Тарасова,1363,Q4477575
Усадьба Тарасова,1364,Q4477575
Усадьба Тарасова,1365,Q4477575
Усадьба Тарасова,1366,Q4477575
Усадьба Тарасова,1367,Q4477575
Усадьба Тарасова,1368,Q4477575
Усадьба Тарасова,1369,Q4477575
Усадьба Тарасова,1370,Q4477575
Усадьба Тарасова,1371,Q4477575
Усадьба Тарасова,1372,Q4477575
Усадьба Тарасова,1373,Q4477575
Усадьба Тарасова,1374,Q4477575
Усадьба Тарасова,1375,Q4477575
Усадьба Тарасова,1376,Q4477575
Усадьба Тарасова,1377,Q4477575
Усадьба Тарасова,1378,Q4477575
Усадьба Тарасова,1379,Q4477575
Усадьба Тарасова,1380,Q4477575
Дом Артистов,1381,Q19615085
Дом Артистов,1382,Q19615085
Дом Артистов,1383,Q19615085
Дом Артистов,1384,Q19615085
Дом Артистов,1385,Q19615085
Дом Артистов,1386,Q19615085
Дом Артистов,1387,Q19615085
Дом Артистов,1388,Q19615085
Дом Артистов,1389,Q19615085
Дом Артистов,1390,Q19615085
Дом Артистов,1391,Q19615085
Дом Артистов,1392,Q19615085
Дом Э. Ф. Филитц,1393,Q27888113
Дом Э. Ф. Филитц,1394,Q27888113
Дом Э. Ф. Филитц,1395,Q27888113
Дом Э. Ф. Филитц,1396,Q27888113
Дом Э. Ф. Филитц,1397,Q27888113
Дом Э. Ф. Филитц,1398,Q27888113
Дом Э. Ф. Филитц,1399,Q27888113
Дом Э. Ф. Филитц,1400,Q27888113
Дом Э. Ф. Филитц,1401,Q27888113
Дом Э. Ф. Филитц,1402,Q27888113
Дом Э. Ф. Филитц,1403,Q27888113
Дом Э. Ф. Филитц,1404,Q27888113
Дом Э. Ф. Филитц,1405,Q27888113
Дом Э. Ф. Филитц,1406,Q27888113
Дом Э. Ф. Филитц,1407,Q27888113
Дом Э. Ф. Филитц,1408,Q27888113
Дом Э. Ф. Филитц,1409,Q27888113
Дом Э. Ф. Филитц,1410,Q27888113
Дом Э. Ф. Филитц,1411,Q27888113
Дом Э. Ф. Филитц,1412,Q27888113
Дом Э. Ф. Филитц,1413,Q27888113
Дом Э. Ф. Филитц,1414,Q27888113
Здание пансиона и церкви Святой Магдалины при первой женской гимназии,1415,Q27890571
Здание пансиона и церкви Святой Магдалины при первой женской гимназии,1416,Q27890571
Здание пансиона и церкви Святой Магдалины при первой женской гимназии,1417,Q27890571
Здание пансиона и церкви Святой Магдалины при первой женской гимназии,1418,Q27890571
Здание пансиона и церкви Святой Магдалины при первой женской гимназии,1419,Q27890571
Здание пансиона и церкви Святой Магдалины при первой женской гимназии,1420,Q27890571
Здание пансиона и церкви Святой Магдалины при первой женской гимназии,1421,Q27890571
Здание пансиона и церкви Святой Магдалины при первой женской гимназии,1422,Q27890571
Здание пансиона и церкви Святой Магдалины при первой женской гимназии,1423,Q27890571
Здание пансиона и церкви Святой Магдалины при первой женской гимназии,1424,Q27890571
Здание пансиона и церкви Святой Магдалины при первой женской гимназии,1425,Q27890571
Здание пансиона и церкви Святой Магдалины при первой женской гимназии,1426,Q27890571
Здание пансиона и церкви Святой Магдалины при первой женской гимназии,1427,Q27890571
Здание пансиона и церкви Святой Магдалины при первой женской гимназии,1428,Q27890571
Здание пансиона и церкви Святой Магдалины при первой женской гимназии,1429,Q27890571
Здание пансиона и церкви Святой Магдалины при первой женской гимназии,1430,Q27890571
Здание пансиона и церкви Святой Магдалины при первой женской гимназии,1431,Q27890571
Здание пансиона и церкви Святой Магдалины при первой женской гимназии,1432,Q27890571
Здание пансиона и церкви Святой Магдалины при первой женской гимназии,1433,Q27890571
Здание пансиона и церкви Святой Магдалины при первой женской гимназии,1434,Q27890571
Здание пансиона и церкви Святой Магдалины при первой женской гимназии,1435,Q27890571
Здание пансиона и церкви Святой Магдалины при первой женской гимназии,1436,Q27890571
Дом Бревновых,1437,Q55413263
Дом Бревновых,1438,Q55413263
Дом Бревновых,1439,Q55413263
Дом Бревновых,1440,Q55413263
Дом Бревновых,1441,Q55413263
Дом Бревновых,1442,Q55413263
Дом Бревновых,1443,Q55413263
Дом Бревновых,1444,Q55413263
Дом Бревновых,1445,Q55413263
Дом Бревновых,1446,Q55413263
Дом Бревновых,1447,Q55413263
Дом Бревновых,1448,Q55413263
Дом Бревновых,1449,Q55413263
Дом Бревновых,1450,Q55413263
Дом Бревновых,1451,Q55413263
Дом Бревновых,1452,Q55413263
Дом Бревновых,1453,Q55413263
Дом Промышленности,1454,Q108196461
Дом Промышленности,1455,Q108196461
Дом Промышленности,1456,Q108196461
Дом Промышленности,1457,Q108196461
Дом Промышленности,1458,Q108196461
Дом Промышленности,1459,Q108196461
Дом Промышленности,1460,Q108196461
Дом Промышленности,1461,Q108196461
Дом Промышленности,1462,Q108196461
Дом Промышленности,1463,Q108196461
Дом Промышленности,1464,Q108196461
Дом Промышленности,1465,Q108196461
Дом Промышленности,1466,Q108196461
Дом Промышленности,1467,Q108196461
Дом Промышленности,1468,Q108196461
Дом Промышленности,1469,Q108196461
Дом Промышленности,1470,Q108196461
Дом Промышленности,1471,Q108196461
Дом Промышленности,1472,Q108196461
Дом Промышленности,1473,Q108196461
Дом Степанова,1474,Q108406301
Дом Степанова,1475,Q108406301
Дом Степанова,1476,Q108406301
Дом Степанова,1477,Q108406301
Дом Степанова,1478,Q108406301
Дом Степанова,1479,Q108406301
Дом Степанова,1480,Q108406301
Дом Степанова,1481,Q108406301
Дом Степанова,1482,Q108406301
Дом Степанова,1483,Q108406301
Дом Степанова,1484,Q108406301
Дом Степанова,1485,Q108406301
Дом Степанова,1486,Q108406301
Дом Степанова,1487,Q108406301
Дом Степанова,1488,Q108406301
Дом Степанова,1489,Q108406301
Крестовоздвиженская церковь (Екатеринбург),1490,Q4240385
Крестовоздвиженская церковь (Екатеринбург),1491,Q4240385
Крестовоздвиженская церковь (Екатеринбург),1492,Q4240385
Крестовоздвиженская церковь (Екатеринбург),1493,Q4240385
Крестовоздвиженская церковь (Екатеринбург),1494,Q4240385
Крестовоздвиженская церковь (Екатеринбург),1495,Q4240385
Крестовоздвиженская церковь (Екатеринбург),1496,Q4240385
Крестовоздвиженская церковь (Екатеринбург),1497,Q4240385
Крестовоздвиженская церковь (Екатеринбург),1498,Q4240385
Крестовоздвиженская церковь (Екатеринбург),1499,Q4240385
Крестовоздвиженская церковь (Екатеринбург),1500,Q4240385
Крестовоздвиженская церковь (Екатеринбург),1501,Q4240385
Крестовоздвиженская церковь (Екатеринбург),1502,Q4240385
Крестовоздвиженская церковь (Екатеринбург),1503,Q4240385
Крестовоздвиженская церковь (Екатеринбург),1504,Q4240385
Крестовоздвиженская церковь (Екатеринбург),1505,Q4240385
Крестовоздвиженская церковь (Екатеринбург),1506,Q4240385
Крестовоздвиженская церковь (Екатеринбург),1507,Q4240385
Крестовоздвиженская церковь (Екатеринбург),1508,Q4240385
Крестовоздвиженская церковь (Екатеринбург),1509,Q4240385
Крестовоздвиженская церковь (Екатеринбург),1510,Q4240385
Музей «Литературная жизнь Урала XIX века»,1511,Q4306075
Музей «Литературная жизнь Урала XIX века»,1512,Q4306075
Музей «Литературная жизнь Урала XIX века»,1513,Q4306075
Музей «Литературная жизнь Урала XIX века»,1514,Q4306075
Музей «Литературная жизнь Урала XIX века»,1515,Q4306075
Музей «Литературная жизнь Урала XIX века»,1516,Q4306075
Музей «Литературная жизнь Урала XIX века»,1517,Q4306075
Музей «Литературная жизнь Урала XIX века»,1518,Q4306075
Музей «Литературная жизнь Урала XIX века»,1519,Q4306075
Музей «Литературная жизнь Урала XIX века»,1520,Q4306075
Музей «Литературная жизнь Урала XIX века»,1521,Q4306075
Музей «Литературная жизнь Урала XIX века»,1522,Q4306075
Музей «Литературная жизнь Урала XIX века»,1523,Q4306075
Музей «Литературная жизнь Урала XIX века»,1524,Q4306075
Музей «Литературная жизнь Урала XIX века»,1525,Q4306075
Музей «Литературная жизнь Урала XIX века»,1526,Q4306075
Музей «Литературная жизнь Урала XIX века»,1527,Q4306075
Свято-Никольский храм (Екатеринбург),1528,Q4411412
Свято-Никольский храм (Екатеринбург),1529,Q4411412
Свято-Никольский храм (Екатеринбург),1530,Q4411412
Свято-Никольский храм (Екатеринбург),1531,Q4411412
Свято-Никольский храм (Екатеринбург),1532,Q4411412
Свято-Никольский храм (Екатеринбург),1533,Q4411412
Свято-Никольский храм (Екатеринбург),1534,Q4411412
Свято-Никольский храм (Екатеринбург),1535,Q4411412
Свято-Никольский храм (Екатеринбург),1536,Q4411412
Свято-Никольский храм (Екатеринбург),1537,Q4411412
Свято-Никольский храм (Екатеринбург),1538,Q4411412
Свято-Никольский храм (Екатеринбург),1539,Q4411412
Свято-Никольский храм (Екатеринбург),1540,Q4411412
Свято-Никольский храм (Екатеринбург),1541,Q4411412
Свято-Никольский храм (Екатеринбург),1542,Q4411412
Свято-Никольский храм (Екатеринбург),1543,Q4411412
Свято-Никольский храм (Екатеринбург),1544,Q4411412
Свято-Никольский храм (Екатеринбург),1545,Q4411412
Свято-Никольский храм (Екатеринбург),1546,Q4411412
Свято-Никольский храм (Екатеринбург),1547,Q4411412
Свято-Никольский храм (Екатеринбург),1548,Q4411412
Свято-Никольский храм (Екатеринбург),1549,Q4411412
Свято-Никольский храм (Екатеринбург),1550,Q4411412
Свято-Никольский храм (Екатеринбург),1551,Q4411412
Свято-Никольский храм (Екатеринбург),1552,Q4411412
Свято-Никольский храм (Екатеринбург),1553,Q4411412
Свято-Никольский храм (Екатеринбург),1554,Q4411412
Центральная городская библиотека им. А. И. Герцена,1555,Q4504106
Центральная городская библиотека им. А. И. Герцена,1556,Q4504106
Центральная городская библиотека им. А. И. Герцена,1557,Q4504106
Центральная городская библиотека им. А. И. Герцена,1558,Q4504106
Центральная городская библиотека им. А. И. Герцена,1559,Q4504106
Центральная городская библиотека им. А. И. Герцена,1560,Q4504106
Центральная городская библиотека им. А. И. Герцена,1561,Q4504106
Центральная городская библиотека им. А. И. Герцена,1562,Q4504106
Центральная городская библиотека им. А. И. Герцена,1563,Q4504106
Центральная городская библиотека им. А. И. Герцена,1564,Q4504106
Центральная городская библиотека им. А. И. Герцена,1565,Q4504106
Центральная городская библиотека им. А. И. Герцена,1566,Q4504106
Центральная городская библиотека им. А. И. Герцена,1567,Q4504106
Центральная городская библиотека им. А. И. Герцена,1568,Q4504106
Дом Гайдара,1569,Q28381390
Дом Гайдара,1570,Q28381390
Дом Гайдара,1571,Q28381390
Дом Гайдара,1572,Q28381390
Дом Гайдара,1573,Q28381390
Дом Гайдара,1574,Q28381390
Дом Гайдара,1575,Q28381390
Дом Гайдара,1576,Q28381390
Дом Гайдара,1577,Q28381390
Дом Гайдара,1578,Q28381390
Дом Гайдара,1579,Q28381390
Дом Гайдара,1580,Q28381390
Дом Гайдара,1581,Q28381390
Дом Гайдара,1582,Q28381390
Дом Гайдара,1583,Q28381390
Дом Гайдара,1584,Q28381390
Дом Гайдара,1585,Q28381390
Дом Гайдара,1586,Q28381390
Дом Гайдара,1587,Q28381390
Дом Гайдара,1588,Q28381390
Дом Гайдара,1589,Q28381390
Дом Гайдара,1590,Q28381390
Дом Гайдара,1591,Q28381390
Дом Гайдара,1592,Q28381390
Дом Гайдара,1593,Q28381390
Дом дворянки Е. О. Селивановой,1594,Q50359307
Дом дворянки Е. О. Селивановой,1595,Q50359307
Дом дворянки Е. О. Селивановой,1596,Q50359307
Дом дворянки Е. О. Селивановой,1597,Q50359307
Дом дворянки Е. О. Селивановой,1598,Q50359307
Дом дворянки Е. О. Селивановой,1599,Q50359307
Дом дворянки Е. О. Селивановой,1600,Q50359307
Дом дворянки Е. О. Селивановой,1601,Q50359307
Дом дворянки Е. О. Селивановой,1602,Q50359307
Дом дворянки Е. О. Селивановой,1603,Q50359307
Дом дворянки Е. О. Селивановой,1604,Q50359307
Дом дворянки Е. О. Селивановой,1605,Q50359307
Дом дворянки Е. О. Селивановой,1606,Q50359307
Дом дворянки Е. О. Селивановой,1607,Q50359307
Дом дворянки Е. О. Селивановой,1608,Q50359307
Дом дворянки Е. О. Селивановой,1609,Q50359307
Дом дворянки Е. О. Селивановой,1610,Q50359307
Дом связи (Екатеринбург),1611,Q55210808
Дом связи (Екатеринбург),1612,Q55210808
Дом связи (Екатеринбург),1613,Q55210808
Дом связи (Екатеринбург),1614,Q55210808
Дом связи (Екатеринбург),1615,Q55210808
Дом связи (Екатеринбург),1616,Q55210808
Дом связи (Екатеринбург),1617,Q55210808
Дом связи (Екатеринбург),1618,Q55210808
Дом связи (Екатеринбург),1619,Q55210808
Дом связи (Екатеринбург),1620,Q55210808
Дом связи (Екатеринбург),1621,Q55210808
Дом связи (Екатеринбург),1622,Q55210808
Дом связи (Екатеринбург),1623,Q55210808
Дом связи (Екатеринбург),1624,Q55210808
Дом связи (Екатеринбург),1625,Q55210808
Дом связи (Екатеринбург),1626,Q55210808
Дом связи (Екатеринбург),1627,Q55210808
Дом связи (Екатеринбург),1628,Q55210808
Дом связи (Екатеринбург),1629,Q55210808
Дом связи (Екатеринбург),1630,Q55210808
Дом связи (Екатеринбург),1631,Q55210808
Дом связи (Екатеринбург),1632,Q55210808
Дом связи (Екатеринбург),1633,Q55210808
Дом связи (Екатеринбург),1634,Q55210808
Дом обороны,1635,W38581890
Дом обороны,1636,W38581890
Дом обороны,1637,W38581890
Дом обороны,1638,W38581890
Дом обороны,1639,W38581890
Дом обороны,1640,W38581890
Дом обороны,1641,W38581890
Дом обороны,1642,W38581890
Дом обороны,1643,W38581890
Дом обороны,1644,W38581890
Дом обороны,1645,W38581890
Дом обороны,1646,W38581890
Дом обороны,1647,W38581890
Дом обороны,1648,W38581890
Дом обороны,1649,W38581890
Дом обороны,1650,W38581890
Дом обороны,1651,W38581890
Дом обороны,1652,W38581890
Музей изобразительных искусств,1653,N457304363
Музей изобразительных искусств,1654,N457304363
Музей изобразительных искусств,1655,N457304363
Музей изобразительных искусств,1656,N457304363
Музей изобразительных искусств,1657,N457304363
Музей изобразительных искусств,1658,N457304363
Музей изобразительных искусств,1659,N457304363
Музей изобразительных искусств,1660,N457304363
Музей изобразительных искусств,1661,N457304363
Музей изобразительных искусств,1662,N457304363
Музей изобразительных искусств,1663,N457304363
Музей изобразительных искусств,1664,N457304363
Музей изобразительных искусств,1665,N457304363
Музей изобразительных искусств,1666,N457304363
Музей изобразительных искусств,1667,N457304363
Музей изобразительных искусств,1668,N457304363
Дом Метенкова,1669,N474950055
Дом Метенкова,1670,N474950055
Дом Метенкова,1671,N474950055
Дом Метенкова,1672,N474950055
Дом Метенкова,1673,N474950055
Дом Метенкова,1674,N474950055
Дом Метенкова,1675,N474950055
Дом Метенкова,1676,N474950055
Дом Метенкова,1677,N474950055
Дом Метенкова,1678,N474950055
Дом Метенкова,1679,N474950055
Дом Метенкова,1680,N474950055
Дом Метенкова,1681,N474950055
Дом Метенкова,1682,N474950055
Дом Метенкова,1683,N474950055
Дом Метенкова,1684,N474950055
Дом Метенкова,1685,N474950055
Дом Метенкова,1686,N474950055
Дом Метенкова,1687,N474950055
Дом Метенкова,1688,N474950055
Дом Метенкова,1689,N474950055
Дом Метенкова,1690,N474950055
Дом Метенкова,1691,N474950055
Дом Метенкова,1692,N474950055
Дом Метенкова,1693,N474950055
Дом Метенкова,1694,N474950055
Дом Метенкова,1695,N474950055
Дом Метенкова,1696,N474950055
Дом Метенкова,1697,N474950055
Дом Метенкова,1698,N474950055
Дом Метенкова,1699,N474950055
Дом Метенкова,1700,N474950055
Музей истории Екатеринбурга,1701,N474950054
Музей истории Екатеринбурга,1702,N474950054
Музей истории Екатеринбурга,1703,N474950054
Музей истории Екатеринбурга,1704,N474950054
Музей истории Екатеринбурга,1705,N474950054
Музей истории Екатеринбурга,1706,N474950054
Музей истории Екатеринбурга,1707,N474950054
Музей истории Екатеринбурга,1708,N474950054
Музей истории Екатеринбурга,1709,N474950054
Музей истории Екатеринбурга,1710,N474950054
Музей истории Екатеринбурга,1711,N474950054
Музей истории Екатеринбурга,1712,N474950054
Музей истории Екатеринбурга,1713,N474950054
Музей истории Екатеринбурга,1714,N474950054
Дом контор,1715,W52360451
Дом контор,1716,W52360451
Филармония,1717,N972487885
Филармония,1718,N972487885
Филармония,1719,N972487885
Филармония,1720,N972487885
Филармония,1721,N972487885
Филармония,1722,N972487885
Филармония,1723,N972487885
Филармония,1724,N972487885
Филармония,1725,N972487885
Филармония,1726,N972487885
Филармония,1727,N972487885
Филармония,1728,N972487885
Филармония,1729,N972487885
Филармония,1730,N972487885
Филармония,1731,N972487885
Филармония,1732,N972487885
Филармония,1733,N972487885
Филармония,1734,N972487885
Филармония,1735,N972487885
Филармония,1736,N972487885
Филармония,1737,N972487885
Филармония,1738,N972487885
Филармония,1739,N972487885
Филармония,1740,N972487885
Филармония,1741,N972487885
Филармония,1742,N972487885
Филармония,1743,N972487885
Филармония,1744,N972487885
Филармония,1745,N972487885
Усадьба Расторгуевых — Харитоновых,1746,W46990846
Усадьба Расторгуевых — Харитоновых,1747,W46990846
Усадьба Расторгуевых — Харитоновых,1748,W46990846
Усадьба Расторгуевых — Харитоновых,1749,W46990846
Усадьба Расторгуевых — Харитоновых,1750,W46990846
Усадьба Расторгуевых — Харитоновых,1751,W46990846
Усадьба Расторгуевых — Харитоновых,1752,W46990846
Усадьба Расторгуевых — Харитоновых,1753,W46990846
Усадьба Расторгуевых — Харитоновых,1754,W46990846
Усадьба Расторгуевых — Харитоновых,1755,W46990846
Усадьба Расторгуевых — Харитоновых,1756,W46990846
Усадьба Расторгуевых — Харитоновых,1757,W46990846
Усадьба Расторгуевых — Харитоновых,1758,W46990846
Усадьба Расторгуевых — Харитоновых,1759,W46990846
Усадьба Расторгуевых — Харитоновых,1760,W46990846
Усадьба Расторгуевых — Харитоновых,1761,W46990846
Усадьба Расторгуевых — Харитоновых,1762,W46990846
Усадьба Расторгуевых — Харитоновых,1763,W46990846
Усадьба Расторгуевых — Харитоновых,1764,W46990846
Усадьба Расторгуевых — Харитоновых,1765,W46990846
Усадьба Расторгуевых — Харитоновых,1766,W46990846
Усадьба Расторгуевых — Харитоновых,1767,W46990846
Усадьба Расторгуевых — Харитоновых,1768,W46990846
Усадьба Расторгуевых — Харитоновых,1769,W46990846
Усадьба Расторгуевых — Харитоновых,1770,W46990846
Усадьба Расторгуевых — Харитоновых,1771,W46990846
Усадьба Расторгуевых — Харитоновых,1772,W46990846
Усадьба Расторгуевых — Харитоновых,1773,W46990846
Усадьба Расторгуевых — Харитоновых,1774,W46990846
Усадьба Расторгуевых — Харитоновых,1775,W46990846
Усадьба Расторгуевых — Харитоновых,1776,W46990846
Усадьба Расторгуевых — Харитоновых,1777,W46990846
Усадьба Расторгуевых — Харитоновых,1778,W46990846
Усадьба Расторгуевых — Харитоновых,1779,W46990846
Усадьба Расторгуевых — Харитоновых,1780,W46990846
Усадьба Расторгуевых — Харитоновых,1781,W46990846
Усадьба Расторгуевых — Харитоновых,1782,W46990846
Усадьба Расторгуевых — Харитоновых,1783,W46990846
Усадьба Расторгуевых — Харитоновых,1784,W46990846
Усадьба Расторгуевых — Харитоновых,1785,W46990846
Храм на Крови,1786,W46993203
Храм на Крови,1787,W46993203
Храм на Крови,1788,W46993203
Храм на Крови,1789,W46993203
Храм на Крови,1790,W46993203
Храм на Крови,1791,W46993203
Храм на Крови,1792,W46993203
Храм на Крови,1793,W46993203
Храм на Крови,1794,W46993203
Храм на Крови,1795,W46993203
Храм на Крови,1796,W46993203
Храм на Крови,1797,W46993203
Храм на Крови,1798,W46993203
Храм на Крови,1799,W46993203
Храм на Крови,1800,W46993203
Храм на Крови,1801,W46993203
Храм на Крови,1802,W46993203
Храм на Крови,1803,W46993203
Храм на Крови,1804,W46993203
Храм на Крови,1805,W46993203
Храм на Крови,1806,W46993203
Храм на Крови,1807,W46993203
Храм на Крови,1808,W46993203
Храм на Крови,1809,W46993203
Храм на Крови,1810,W46993203
Храм на Крови,1811,W46993203
Храм на Крови,1812,W46993203
Храм на Крови,1813,W46993203
Храм на Крови,1814,W46993203
Храм на Крови,1815,W46993203
Храм на Крови,1816,W46993203
Храм на Крови,1817,W46993203
Храм на Крови,1818,W46993203
Храм на Крови,1819,W46993203
Храм на Крови,1820,W46993203
Храм на Крови,1821,W46993203
Храм на Крови,1822,W46993203
Храм на Крови,1823,W46993203
Храм на Крови,1824,W46993203
Доходный дом купца Чувильдина,1825,W59804593
Доходный дом купца Чувильдина,1826,W59804593
Доходный дом купца Чувильдина,1827,W59804593
Доходный дом купца Чувильдина,1828,W59804593
Доходный дом купца Чувильдина,1829,W59804593
Доходный дом купца Чувильдина,1830,W59804593
Доходный дом купца Чувильдина,1831,W59804593
Доходный дом купца Чувильдина,1832,W59804593
Доходный дом купца Чувильдина,1833,W59804593
Доходный дом купца Чувильдина,1834,W59804593
Доходный дом купца Чувильдина,1835,W59804593
Доходный дом купца Чувильдина,1836,W59804593
Доходный дом купца Чувильдина,1837,W59804593
Доходный дом купца Чувильдина,1838,W59804593
Доходный дом купца Чувильдина,1839,W59804593
Доходный дом купца Чувильдина,1840,W59804593
Доходный дом купца Чувильдина,1841,W59804593
Доходный дом купца Чувильдина,1842,W59804593
Доходный дом купца Чувильдина,1843,W59804593
Доходный дом купца Чувильдина,1844,W59804593
Доходный дом купца Чувильдина,1845,W59804593
Доходный дом купца Чувильдина,1846,W59804593
Доходный дом купца Чувильдина,1847,W59804593
Доходный дом купца Чувильдина,1848,W59804593
Доходный дом купца Чувильдина,1849,W59804593
улица Добролюбова,1850,W759609793
улица Добролюбова,1851,W759609793
улица Добролюбова,1852,W759609793
улица Добролюбова,1853,W759609793
улица Добролюбова,1854,W759609793
улица Добролюбова,1855,W759609793
улица Добролюбова,1856,W759609793
улица Добролюбова,1857,W759609793
улица Добролюбова,1858,W759609793
улица Добролюбова,1859,W759609793
улица Добролюбова,1860,W759609793
улица Добролюбова,1861,W759609793
улица Добролюбова,1862,W759609793
улица Добролюбова,1863,W759609793
улица Добролюбова,1864,W759609793
улица Добролюбова,1865,W759609793
улица Добролюбова,1866,W759609793
